{"label": "dataset.perf.seq.ssd", "open_time usec:": 64150.361000, "read_time usec": 31871692.108000, "total_time usec": 31935845.469000, "io_rate MB/s": 1159.926161, "file_number" : 40832}
