{"label": "dataset.perf.seq.hdd", "open_time usec:": 65450.887000, "read_time usec": 31944679.409000, "total_time usec": 32010130.296000, "io_rate MB/s": 1157.234251, "file_number" : 40832}
