{"label": "dataset.perf.ran.hdd", "open_time usec:": 100542.903000, "read_time usec": 76768349.705000, "total_time usec": 76868892.608000, "io_rate MB/s": 481.901298, "file_number" : 40832}
