{"label": "dataset.perf.ran.ssd", "open_time usec:": 108636.683000, "read_time usec": 80296923.307000, "total_time usec": 80405559.990000, "io_rate MB/s": 460.704697, "file_number" : 40832}
