{"total_time user": 21.00949001312256, "io_rate MB/s": 1728.837776514957, "file_number": 40832, "label": "dataset.perf.seq.ssd"}
