{"total_time user": 25.878522872924805, "io_rate MB/s": 1403.5576983414921, "file_number": 40832, "label": "dataset.perf.seq.ssd"}
