{"total_time user": 23.128484964370728, "io_rate MB/s": 1570.4444132831784, "file_number": 40832, "label": "dataset.perf.seq.ssd"}
