{"total_time user": 17.819788932800293, "io_rate MB/s": 2038.2957473274728, "file_number": 40832, "label": "dataset.perf.seq.ssd"}
