{"total_time user": 36.160977840423584, "io_rate MB/s": 1004.4529260322273, "file_number": 40832, "label": "dataset.perf.seq.ssd"}
