{"total_time user": 25.71049213409424, "io_rate MB/s": 1412.7306397155278, "file_number": 40832, "label": "dataset.perf.seq.ssd"}
