{"total_time user": 25.378828048706055, "io_rate MB/s": 1431.1929585673631, "file_number": 40832, "label": "dataset.perf.seq.ssd"}
