{"total_time user": 27.356606006622314, "io_rate MB/s": 1327.7231828834103, "file_number": 40832, "label": "dataset.perf.seq.ssd"}
