{"total_time user": 18.70712900161743, "io_rate MB/s": 1941.6127400874593, "file_number": 40832, "label": "dataset.perf.seq.ssd"}
