{"total_time user": 36.16453504562378, "io_rate MB/s": 1004.3541263333697, "file_number": 40832, "label": "dataset.perf.seq.ssd"}
