{"total_time user": 25.24958109855652, "io_rate MB/s": 1438.5189147584106, "file_number": 40832, "label": "dataset.perf.seq.ssd"}
