{"total_time user": 37.787776947021484, "io_rate MB/s": 961.2102890022743, "file_number": 40832, "label": "dataset.perf.seq.ssd"}
