{"total_time user": 28.867745876312256, "io_rate MB/s": 1258.2208585189333, "file_number": 40832, "label": "dataset.perf.seq.ssd"}
