{"total_time user": 32.022964000701904, "io_rate MB/s": 1134.2485348702846, "file_number": 40832, "label": "dataset.perf.seq.ssd"}
