{"total_time user": 23.952308177947998, "io_rate MB/s": 1516.430054680088, "file_number": 40832, "label": "dataset.perf.seq.ssd"}
