{"total_time user": 25.15910816192627, "io_rate MB/s": 1443.6918735842448, "file_number": 40832, "label": "dataset.perf.seq.ssd"}
