{"total_time user": 24.3470618724823, "io_rate MB/s": 1491.8432536228158, "file_number": 40832, "label": "dataset.perf.seq.ssd"}
