{"total_time user": 25.20360016822815, "io_rate MB/s": 1441.143319111521, "file_number": 40832, "label": "dataset.perf.seq.ssd"}
