{"total_time user": 35.45976281166077, "io_rate MB/s": 1024.3159321995151, "file_number": 40832, "label": "dataset.perf.seq.ssd"}
