{"total_time user": 35.15194296836853, "io_rate MB/s": 1033.2857001015377, "file_number": 40832, "label": "dataset.perf.seq.ssd"}
