{"label": "standard.perf.seq.ssd", "open_time usec:": 13432024.265000, "read_time usec": 94607608.012000, "total_time usec": 108039632.277000, "io_rate MB/s": 342.831646, "file_number" : 40832}
