{"total_time user": 41.80916786193848, "io_rate MB/s": 868.7568267309671, "file_number": 40832, "label": "dataset.perf.seq.ssd"}
