{"total_time user": 36.19865012168884, "io_rate MB/s": 1003.4075822688551, "file_number": 40832, "label": "dataset.perf.seq.ssd"}
