{"total_time user": 40.820972204208374, "io_rate MB/s": 889.787725248137, "file_number": 40832, "label": "dataset.perf.seq.hdd"}
