{"total_time user": 39.46806192398071, "io_rate MB/s": 920.2884111705224, "file_number": 40832, "label": "dataset.perf.seq.ssd"}
