{"total_time user": 40.14741611480713, "io_rate MB/s": 904.7157579489594, "file_number": 40832, "label": "dataset.perf.seq.hdd"}
