{"total_time user": 38.0322470664978, "io_rate MB/s": 955.0316586998526, "file_number": 40832, "label": "dataset.perf.seq.ssd"}
