{"total_time user": 40.147242069244385, "io_rate MB/s": 904.7196800555625, "file_number": 40832, "label": "dataset.perf.seq.hdd"}
