{"total_time user": 37.119609117507935, "io_rate MB/s": 978.5124591430105, "file_number": 40832, "label": "dataset.perf.seq.ssd"}
