{"total_time user": 37.309329986572266, "io_rate MB/s": 973.5366465458477, "file_number": 40832, "label": "dataset.perf.seq.ssd"}
