{"total_time user": 40.90772104263306, "io_rate MB/s": 887.9008430253564, "file_number": 40832, "label": "dataset.perf.seq.ssd"}
