{"total_time user": 38.20592498779297, "io_rate MB/s": 950.6902401029449, "file_number": 40832, "label": "dataset.perf.seq.hdd"}
