{"total_time user": 39.299761056900024, "io_rate MB/s": 924.2295378694877, "file_number": 40832, "label": "dataset.perf.seq.ssd"}
