{"total_time user": 37.38341808319092, "io_rate MB/s": 971.6072489458054, "file_number": 40832, "label": "dataset.perf.seq.hdd"}
