{"total_time user": 40.1553270816803, "io_rate MB/s": 904.537520666115, "file_number": 40832, "label": "dataset.perf.seq.hdd"}
