{"total_time user": 52.03134202957153, "io_rate MB/s": 698.0792457622316, "file_number": 40832, "label": "dataset.perf.seq.hdd"}
