{"total_time user": 37.01335000991821, "io_rate MB/s": 981.3216039690286, "file_number": 40832, "label": "dataset.perf.seq.ssd"}
