{"total_time user": 36.360275983810425, "io_rate MB/s": 998.9473131659544, "file_number": 40832, "label": "dataset.perf.seq.ssd"}
