{"total_time user": 36.494121074676514, "io_rate MB/s": 995.2835944637683, "file_number": 40832, "label": "dataset.perf.seq.hdd"}
