{"total_time user": 39.63510322570801, "io_rate MB/s": 916.4098751846047, "file_number": 40832, "label": "dataset.perf.seq.hdd"}
