{"total_time user": 39.20024108886719, "io_rate MB/s": 926.5759340014722, "file_number": 40832, "label": "dataset.perf.seq.hdd"}
