{"total_time user": 36.595759868621826, "io_rate MB/s": 992.5193555317715, "file_number": 40832, "label": "dataset.perf.seq.hdd"}
