{"total_time user": 40.801289081573486, "io_rate MB/s": 890.2169715123927, "file_number": 40832, "label": "dataset.perf.seq.ssd"}
