{"total_time user": 37.39144802093506, "io_rate MB/s": 971.3985930596674, "file_number": 40832, "label": "dataset.perf.seq.ssd"}
