{"total_time user": 35.294119119644165, "io_rate MB/s": 1029.1232903949635, "file_number": 40832, "label": "dataset.perf.seq.ssd"}
