{"total_time user": 39.32805395126343, "io_rate MB/s": 923.5646402695485, "file_number": 40832, "label": "dataset.perf.seq.hdd"}
