{"total_time user": 39.16188311576843, "io_rate MB/s": 927.4834893058306, "file_number": 40832, "label": "dataset.perf.seq.hdd"}
