{"total_time user": 36.48420786857605, "io_rate MB/s": 995.5540252056353, "file_number": 40832, "label": "dataset.perf.seq.hdd"}
