{"total_time user": 39.23596811294556, "io_rate MB/s": 925.7322234395405, "file_number": 40832, "label": "dataset.perf.seq.hdd"}
