{"total_time user": 51.132898807525635, "io_rate MB/s": 710.3450194897654, "file_number": 40832, "label": "dataset.perf.seq.ssd"}
