{"total_time user": 39.0595121383667, "io_rate MB/s": 929.9143284568129, "file_number": 40832, "label": "dataset.perf.seq.hdd"}
