{"total_time user": 37.04279708862305, "io_rate MB/s": 980.5415048194504, "file_number": 40832, "label": "dataset.perf.seq.ssd"}
