{"total_time user": 36.26788377761841, "io_rate MB/s": 1001.492125173705, "file_number": 40832, "label": "dataset.perf.seq.hdd"}
