{"total_time user": 35.85063600540161, "io_rate MB/s": 1013.1479953250305, "file_number": 40832, "label": "dataset.perf.seq.ssd"}
