{"total_time user": 37.075955867767334, "io_rate MB/s": 979.664560221823, "file_number": 40832, "label": "dataset.perf.seq.hdd"}
