{"total_time user": 37.56886696815491, "io_rate MB/s": 966.8111639030315, "file_number": 40832, "label": "dataset.perf.seq.ssd"}
