{"total_time user": 35.3575918674469, "io_rate MB/s": 1027.275843223956, "file_number": 40832, "label": "dataset.perf.seq.ssd"}
