{"total_time user": 36.52218699455261, "io_rate MB/s": 994.5187566510606, "file_number": 40832, "label": "dataset.perf.seq.ssd"}
