{"total_time user": 35.953208923339844, "io_rate MB/s": 1010.2575288188184, "file_number": 40832, "label": "dataset.perf.seq.hdd"}
