{"total_time user": 37.63971710205078, "io_rate MB/s": 964.991312275857, "file_number": 40832, "label": "dataset.perf.seq.hdd"}
