{"total_time user": 39.12963390350342, "io_rate MB/s": 928.2478872552897, "file_number": 40832, "label": "dataset.perf.seq.ssd"}
