{"total_time user": 25.254082202911377, "io_rate MB/s": 1438.2625235856988, "file_number": 40832, "label": "dataset.perf.seq.hdd"}
