{"total_time user": 22.199559926986694, "io_rate MB/s": 1636.1585598751212, "file_number": 40832, "label": "dataset.perf.seq.hdd"}
