{"total_time user": 27.625422954559326, "io_rate MB/s": 1314.8033990192857, "file_number": 40832, "label": "dataset.perf.seq.hdd"}
