{"total_time user": 26.846835136413574, "io_rate MB/s": 1352.934147188725, "file_number": 40832, "label": "dataset.perf.seq.hdd"}
