{"total_time user": 39.333723068237305, "io_rate MB/s": 923.4315281314083, "file_number": 40832, "label": "dataset.perf.seq.hdd"}
