{"total_time user": 35.01055407524109, "io_rate MB/s": 1037.4585881143294, "file_number": 40832, "label": "dataset.perf.seq.hdd"}
