{"total_time user": 17.595235109329224, "io_rate MB/s": 2064.30887534669, "file_number": 40832, "label": "dataset.perf.seq.hdd"}
