{"total_time user": 20.325671911239624, "io_rate MB/s": 1787.0011952674872, "file_number": 40832, "label": "dataset.perf.seq.hdd"}
