{"total_time user": 21.686819076538086, "io_rate MB/s": 1674.842210460224, "file_number": 40832, "label": "dataset.perf.seq.hdd"}
