{"total_time user": 33.47269582748413, "io_rate MB/s": 1085.1232355828458, "file_number": 40832, "label": "dataset.perf.seq.hdd"}
