{"total_time user": 25.35711908340454, "io_rate MB/s": 1432.4182443805944, "file_number": 40832, "label": "dataset.perf.seq.hdd"}
