{"total_time user": 50.75181794166565, "io_rate MB/s": 715.6787968018931, "file_number": 40832, "label": "dataset.perf.seq.hdd"}
