{"total_time user": 25.12164282798767, "io_rate MB/s": 1445.8449333390795, "file_number": 40832, "label": "dataset.perf.seq.hdd"}
