{"total_time user": 25.658761978149414, "io_rate MB/s": 1415.5788198562045, "file_number": 40832, "label": "dataset.perf.seq.hdd"}
