{"total_time user": 25.878625869750977, "io_rate MB/s": 1403.5521121875363, "file_number": 40832, "label": "dataset.perf.seq.hdd"}
