{"total_time user": 28.680856943130493, "io_rate MB/s": 1266.4196217017036, "file_number": 40832, "label": "dataset.perf.seq.hdd"}
