{"total_time user": 19.060965061187744, "io_rate MB/s": 1905.5698325558271, "file_number": 40832, "label": "dataset.perf.seq.hdd"}
