{"total_time user": 35.867944955825806, "io_rate MB/s": 1012.6590760840465, "file_number": 40832, "label": "dataset.perf.seq.hdd"}
