{"total_time user": 35.6187629699707, "io_rate MB/s": 1019.743443381854, "file_number": 40832, "label": "dataset.perf.seq.hdd"}
