{"total_time user": 25.5848171710968, "io_rate MB/s": 1419.6701018849963, "file_number": 40832, "label": "dataset.perf.seq.hdd"}
